{"aBanyoKimyasal":10.0,"aKonsantrasyon":5.2829999999999995,"kaplamaSuresi":180,"aKaplamaMiktar":4.8599999999999994,"aEklenen":19.439999999999998,"aPeristaltik":0.10799999999999999,"cKonsantrasyon":31.65,"cEklenen":77.759999999999991,"cPeristaltik":0.43199999999999994,"borKaplamaMiktar":560.0,"borBanyoMiktar":56.0,"borKonsantrasyon":140.0,"borEklenen":272.15999999999997,"borPeristaltik":1.5119999999999998,"cDegerDuzeltme":59.3,"aDegerDuzeltme":4.4528}