{"aBanyoKimyasal":5900.0,"aKonsantrasyon":5.8699999999999992,"kaplamaSuresi":21,"aKaplamaMiktar":5.669999999999999,"aEklenen":334.52999999999992,"aPeristaltik":15.929999999999996,"cKonsantrasyon":31.65,"cEklenen":334.52999999999992,"cPeristaltik":15.929999999999996,"borKaplamaMiktar":10000.0,"borBanyoMiktar":1.6949152542372881,"borKonsantrasyon":100.0,"borEklenen":9.6101694915254221,"borPeristaltik":0.45762711864406774,"cDegerDuzeltme":0.0,"aDegerDuzeltme":90.050847457627114}