{"aBanyoKimyasal":590.0,"aKonsantrasyon":5.2829999999999995,"kaplamaSuresi":45,"aKaplamaMiktar":4.8599999999999994,"aEklenen":485.99999999999994,"aPeristaltik":10.799999999999999,"cKonsantrasyon":31.65,"cEklenen":485.99999999999994,"cPeristaltik":10.799999999999999,"borKaplamaMiktar":1600.0,"borBanyoMiktar":2.7118644067796609,"borKonsantrasyon":16.0,"borEklenen":13.179661016949151,"borPeristaltik":0.29288135593220332,"cDegerDuzeltme":0.0,"aDegerDuzeltme":0.61700000000000088}